Name,Source,Order,Species,BiochemicalName,MW(SDS-PAGE),Allergenicity,Allergenicityref.:,FoodAllergen,PDBID,Sold,Tag,Category,Sponsor
"Aca s 13","Animalia Arthropoda","Astigmata","Acarus siro(Storage mite)","Fatty acid-binding protein","15 kDa","3 out of 13 (23%) A. siro RAST-positive patients showed strong IgE binding to rAca s 13 on immunoblot  Allergenicity reference:  10474032  Route of allergen exposure:  Airway  Date Created:  22-04-2003  Last Updated:  2019-06-28 06:12:58  Submitter Info:  Name:  Institution:  City:  Email:  Submission Date:  Comments  Posted: 31 Jul 2014  I looked at the IAAI paper by Eriksson Whitley etc. 1999 PMID 10474032. The data indicates that it matches the description in the submission for the original entry. The sequence identified by them was 192 bp and 64 aa. A cDNA clone of 396 bp representing 131 aa with 64 of the first 66 aa identical to the Eriksson sequence was identified by Tan and Chew and the protein sequence entered in NCBI as ABL09307 in 2006. should be added. It is ""unusual"" that the Eriksson manuscript did not show the cDNA as they report a full length aa sequence. But in the paper teh entire 130 aa is present except ""X"" for the first (2nd) aa. Therefore I am adding the full length sequence of Tan and Chew. on 30 July 2014  Table of IsoAllergens Click +/- for additional information  Isoallergen and variants GenBank Nucleotide GenBank Protein UniProt PDB  Aca s 13.0101  DQ979802.1  ABL09307.1  B0KZJ6","s 13    Source: Animalia Arthropoda  Order: Astigmata  Species: Acarus siro(Storage mite)  Biochemical name:  Fatty acid-binding protein  MW(SDS-PAGE):  15 kDa  Allergenicity:  3 out of 13 (23%) A. siro RAST-positive patients showed strong IgE binding to rAca s 13 on immunoblot  Allergenicity reference:  10474032  Route of allergen exposure:  Airway  Date Created:  22-04-2003  Last Updated:  2019-06-28 06:12:58  Submitter Info:  Name:  Institution:  City:  Email:  Submission Date:  Comments  Posted: 31 Jul 2014  I looked at the IAAI paper by Eriksson Whitley etc. 1999 PMID 10474032. The data indicates that it matches the description in the submission for the original entry. The sequence identified by them was 192 bp and 64 aa. A cDNA clone of 396 bp representing 131 aa with 64 of the first 66 aa identical to the Eriksson sequence was identified by Tan and Chew and the protein sequence entered in NCBI as ABL09307 in 2006. should be added. It is ""unusual"" that the Eriksson manuscript did not show the cDNA as they report a full length aa sequence. But in the paper teh entire 130 aa is present except ""X"" for the first (2nd) aa. Therefore I am adding the full length sequence of Tan and Chew. on 30 July 2014  Table of IsoAllergens Click +/- for additional information  Isoallergen and variants GenBank Nucleotide GenBank Protein UniProt PDB  Aca s 13.0101  DQ979802.1  ABL09307.1  B0KZJ6","Aca s 13    Source: Animalia Arthropoda  Order: Astigmata  Species: Acarus siro(Storage mite)  Biochemical name:  Fatty acid-binding protein  MW(SDS-PAGE):  15 kDa  Allergenicity:  3 out of 13 (23%) A. siro RAST-positive patients showed strong IgE binding to rAca s 13 on immunoblot  Allergenicity reference:  10474032  Route of allergen exposure:  Airway","None","No","","House Dust Mite","None"
"Act d 4","Plantae Magnoliopsida","Ericales","Actinidia deliciosa(Green kiwi fruit)","Phytocystatin","11 kDa  Route of allergen exposure:  Food  Date Created:  18-02-2007  Last Updated:  2019-06-28 08:21:11  Submitter Info:  Name:  Institution:  City:  Email:  Submission Date:  Comments  Table of IsoAllergens Click +/- for additional information  Isoallergen and variants GenBank Nucleotide GenBank Protein UniProt PDB  Act d 4.0101  AY390352  AAR92223  Q6TPK4","Act d 4    Source: Plantae Magnoliopsida  Order: Ericales  Species: Actinidia deliciosa(Green kiwi fruit)  Biochemical name:  Phytocystatin  MW(SDS-PAGE):  11 kDa  Route of allergen exposure:  Food  Date Created:  18-02-2007  Last Updated:  2019-06-28 08:21:11  Submitter Info:  Name:  Institution:  City:  Email:  Submission Date:  Comments  Table of IsoAllergens Click +/- for additional information  Isoallergen and variants GenBank Nucleotide GenBank Protein UniProt PDB  Act d 4.0101  AY390352  AAR92223  Q6TPK4","d 4    Source: Plantae Magnoliopsida  Order: Ericales  Species: Actinidia deliciosa(Green kiwi fruit)  Biochemical name:  Phytocystatin  MW(SDS-PAGE):  11 kDa  Route of allergen exposure:  Food  Date Created:  18-02-2007  Last Updated:  2019-06-28 08:21:11  Submitter Info:  Name:  Institution:  City:  Email:  Submission Date:  Comments  Table of IsoAllergens Click +/- for additional information  Isoallergen and variants GenBank Nucleotide GenBank Protein UniProt PDB  Act d 4.0101  AY390352  AAR92223  Q6TPK4","Act d 4    Source: Plantae Magnoliopsida  Order: Ericales  Species: Actinidia deliciosa(Green kiwi fruit)  Biochemical name:  Phytocystatin  MW(SDS-PAGE):  11 kDa  Route of allergen exposure:  Food","None","No","","Food","None"
"Act d 5","Plantae Magnoliopsida","Ericales","Actinidia deliciosa(Green kiwi fruit)","Kiwellin","28 kDa","Sera from two patients reporting significant symptoms upon ingestion of kiwi showed IgE binding to kiwi fruit extract and the purified 28 kDa kiwellin on Western blot.  Allergenicity reference:  16328735  Route of allergen exposure:  Food  Date Created:  18-02-2007  Last Updated:  2019-06-28 08:28:46  Submitter Info:  Name:  Institution:  City:  Email:  Submission Date:  Comments  Posted: 10 Sep 2014  Mature protein sequence of Act d 5.0101 was determined by N-terminal sequencing of purified protein by Tamburrini et al. Protein J. 24(7-8):423-429.  Table of IsoAllergens Click +/- for additional information  Isoallergen and variants GenBank Nucleotide GenBank Protein UniProt PDB  Act d 5.0101  P84527  P84527","d 5    Source: Plantae Magnoliopsida  Order: Ericales  Species: Actinidia deliciosa(Green kiwi fruit)  Biochemical name:  Kiwellin  MW(SDS-PAGE):  28 kDa  Allergenicity:  Sera from two patients reporting significant symptoms upon ingestion of kiwi showed IgE binding to kiwi fruit extract and the purified 28 kDa kiwellin on Western blot.  Allergenicity reference:  16328735  Route of allergen exposure:  Food  Date Created:  18-02-2007  Last Updated:  2019-06-28 08:28:46  Submitter Info:  Name:  Institution:  City:  Email:  Submission Date:  Comments  Posted: 10 Sep 2014  Mature protein sequence of Act d 5.0101 was determined by N-terminal sequencing of purified protein by Tamburrini et al. Protein J. 24(7-8):423-429.  Table of IsoAllergens Click +/- for additional information  Isoallergen and variants GenBank Nucleotide GenBank Protein UniProt PDB  Act d 5.0101  P84527  P84527","Act d 5    Source: Plantae Magnoliopsida  Order: Ericales  Species: Actinidia deliciosa(Green kiwi fruit)  Biochemical name:  Kiwellin  MW(SDS-PAGE):  28 kDa  Allergenicity:  Sera from two patients reporting significant symptoms upon ingestion of kiwi showed IgE binding to kiwi fruit extract and the purified 28 kDa kiwellin on Western blot.  Allergenicity reference:  16328735  Route of allergen exposure:  Food","None","No","","Food","None"
"Act d 6","Plantae Magnoliopsida","Ericales","Actinidia deliciosa(Green kiwi fruit)","Pectin methylesterase inhibitor","18 kDa","IgE prevalence: 72% of 50 kiwi allergic patients  Route of allergen exposure:  Food  Date Created:  18-12-2007  Last Updated:  2019-06-28 07:23:04  Submitter Info:  Name:  Institution:  City:  Email:  Submission Date:  Comments  Posted: 10 Sep 2014  Although we (IUIS) list pectin methylesterase inhibitor as allergen Act d 6 with a comment of 72% prevalence of IgE binding by kiwi allergic subjects the is no record of such a publication and the IUIS records are incomplete. As reported by Bublin et al. 2011 Clin Exp Allergy 41:129-136 they did not detect any individual serum sample as having specific IgE binding to Act d 6 using sera from approximately 200 kiwi allergic subjects. Therefore the relevance of this protein as an allergen is questioned. 10 Sept. 2014 REG  Table of IsoAllergens Click +/- for additional information  Isoallergen and variants GenBank Nucleotide GenBank Protein UniProt PDB  Act d 6.0101  AB091088.1  BAC54964  P83326","d 6    Source: Plantae Magnoliopsida  Order: Ericales  Species: Actinidia deliciosa(Green kiwi fruit)  Biochemical name:  Pectin methylesterase inhibitor  MW(SDS-PAGE):  18 kDa  Allergenicity:  IgE prevalence: 72% of 50 kiwi allergic patients  Route of allergen exposure:  Food  Date Created:  18-12-2007  Last Updated:  2019-06-28 07:23:04  Submitter Info:  Name:  Institution:  City:  Email:  Submission Date:  Comments  Posted: 10 Sep 2014  Although we (IUIS) list pectin methylesterase inhibitor as allergen Act d 6 with a comment of 72% prevalence of IgE binding by kiwi allergic subjects the is no record of such a publication and the IUIS records are incomplete. As reported by Bublin et al. 2011 Clin Exp Allergy 41:129-136 they did not detect any individual serum sample as having specific IgE binding to Act d 6 using sera from approximately 200 kiwi allergic subjects. Therefore the relevance of this protein as an allergen is questioned. 10 Sept. 2014 REG  Table of IsoAllergens Click +/- for additional information  Isoallergen and variants GenBank Nucleotide GenBank Protein UniProt PDB  Act d 6.0101  AB091088.1  BAC54964  P83326","Act d 6    Source: Plantae Magnoliopsida  Order: Ericales  Species: Actinidia deliciosa(Green kiwi fruit)  Biochemical name:  Pectin methylesterase inhibitor  MW(SDS-PAGE):  18 kDa  Allergenicity:  IgE prevalence: 72% of 50 kiwi allergic patients  Route of allergen exposure:  Food","None","No","","Food","None"
"Act d 7","Plantae Magnoliopsida","Ericales","Actinidia deliciosa(Green kiwi fruit)","Pectin methylesterase","50 kDa","IgE prevalence: 32% of 50 kiwi allergic patients in immunoblot  Route of allergen exposure:  Food  Date Created:  18-12-2007  Last Updated:  2019-06-28 07:24:00  Submitter Info:  Name:  Institution:  City:  Email:  Submission Date:  Comments  Posted: 10 Sep 2014  According to the authors Ciardiello et al. 2008 the protein has 4 glycans some of them are complex N-linked. The deduced MW based on AA sequence is 35 kDa but tested MW is 50 kDa due to glycosylation. The complex glycan analysis indicates it they are targets of IgE binding for some subjects. Bublin et al. Clin Exp Allergy 2011 41:129-136 used natural fruit Act d 7 in IgE binding tests that demonstrated IgE binding in 53 of 237 kiwi allergic sera and 53 of 198 kiwi tolerant subjects. REG  Table of IsoAllergens Click +/- for additional information  Isoallergen and variants GenBank Nucleotide GenBank Protein UniProt PDB  Act d 7.0101  P85076  P85076","d 7    Source: Plantae Magnoliopsida  Order: Ericales  Species: Actinidia deliciosa(Green kiwi fruit)  Biochemical name:  Pectin methylesterase  MW(SDS-PAGE):  50 kDa  Allergenicity:  IgE prevalence: 32% of 50 kiwi allergic patients in immunoblot  Route of allergen exposure:  Food  Date Created:  18-12-2007  Last Updated:  2019-06-28 07:24:00  Submitter Info:  Name:  Institution:  City:  Email:  Submission Date:  Comments  Posted: 10 Sep 2014  According to the authors Ciardiello et al. 2008 the protein has 4 glycans some of them are complex N-linked. The deduced MW based on AA sequence is 35 kDa but tested MW is 50 kDa due to glycosylation. The complex glycan analysis indicates it they are targets of IgE binding for some subjects. Bublin et al. Clin Exp Allergy 2011 41:129-136 used natural fruit Act d 7 in IgE binding tests that demonstrated IgE binding in 53 of 237 kiwi allergic sera and 53 of 198 kiwi tolerant subjects. REG  Table of IsoAllergens Click +/- for additional information  Isoallergen and variants GenBank Nucleotide GenBank Protein UniProt PDB  Act d 7.0101  P85076  P85076","Act d 7    Source: Plantae Magnoliopsida  Order: Ericales  Species: Actinidia deliciosa(Green kiwi fruit)  Biochemical name:  Pectin methylesterase  MW(SDS-PAGE):  50 kDa  Allergenicity:  IgE prevalence: 32% of 50 kiwi allergic patients in immunoblot  Route of allergen exposure:  Food","None","No","","Food","None"
"Act d 8","Plantae Magnoliopsida","Ericales","Actinidia deliciosa(Green kiwi fruit)","Pathogenesis-related protein PR-10 Bet v 1 family member","17 kDa","IgE prevalence: 60% of 10 kiwi allergic patients in ELISA; 100% of 6 kiwi allergic patients in immunoblot.  Route of allergen exposure:  Food  Date Created:  18-12-2007  Last Updated:  2019-06-28 07:24:37  Submitter Info:  Name:  Institution:  City:  Email:  Submission Date:  Comments  Table of IsoAllergens Click +/- for additional information  Isoallergen and variants GenBank Nucleotide GenBank Protein UniProt PDB  Act d 8.0101  AM489568  CAM31909  D1YSM5","d 8    Source: Plantae Magnoliopsida  Order: Ericales  Species: Actinidia deliciosa(Green kiwi fruit)  Biochemical name:  Pathogenesis-related protein PR-10 Bet v 1 family member  MW(SDS-PAGE):  17 kDa  Allergenicity:  IgE prevalence: 60% of 10 kiwi allergic patients in ELISA; 100% of 6 kiwi allergic patients in immunoblot.  Route of allergen exposure:  Food  Date Created:  18-12-2007  Last Updated:  2019-06-28 07:24:37  Submitter Info:  Name:  Institution:  City:  Email:  Submission Date:  Comments  Table of IsoAllergens Click +/- for additional information  Isoallergen and variants GenBank Nucleotide GenBank Protein UniProt PDB  Act d 8.0101  AM489568  CAM31909  D1YSM5","Act d 8    Source: Plantae Magnoliopsida  Order: Ericales  Species: Actinidia deliciosa(Green kiwi fruit)  Biochemical name:  Pathogenesis-related protein PR-10 Bet v 1 family member  MW(SDS-PAGE):  17 kDa  Allergenicity:  IgE prevalence: 60% of 10 kiwi allergic patients in ELISA; 100% of 6 kiwi allergic patients in immunoblot.  Route of allergen exposure:  Food","None","No","","Food","None"
"Act d 9","Plantae Magnoliopsida","Ericales","Actinidia deliciosa(Green kiwi fruit)","Profilin","14 kDa","6/30 kiwi allergic individuals tested positive in CAP.  Allergenicity reference:  20061012  Route of allergen exposure:  Food  Date Created:  08-07-2008  Last Updated:  2019-06-28 07:46:25  Submitter Info:  Name:  Institution:  City:  Email:  Submission Date:  Comments  Table of IsoAllergens Click +/- for additional information  Isoallergen and variants GenBank Nucleotide GenBank Protein UniProt PDB  Act d 9.0101  FG438715","d 9    Source: Plantae Magnoliopsida  Order: Ericales  Species: Actinidia deliciosa(Green kiwi fruit)  Biochemical name:  Profilin  MW(SDS-PAGE):  14 kDa  Allergenicity:  6/30 kiwi allergic individuals tested positive in CAP.  Allergenicity reference:  20061012  Route of allergen exposure:  Food  Date Created:  08-07-2008  Last Updated:  2019-06-28 07:46:25  Submitter Info:  Name:  Institution:  City:  Email:  Submission Date:  Comments  Table of IsoAllergens Click +/- for additional information  Isoallergen and variants GenBank Nucleotide GenBank Protein UniProt PDB  Act d 9.0101  FG438715","Act d 9    Source: Plantae Magnoliopsida  Order: Ericales  Species: Actinidia deliciosa(Green kiwi fruit)  Biochemical name:  Profilin  MW(SDS-PAGE):  14 kDa  Allergenicity:  6/30 kiwi allergic individuals tested positive in CAP.  Allergenicity reference:  20061012  Route of allergen exposure:  Food","None","No","","Food","None"
"Act c 10","Plantae Magnoliopsida","Ericales","Actinidia chinensis(Gold kiwi fruit)","nsLTP1","10 kDa","10/30 kiwi allergic patients had IgE to Act c 10.0101 in their sera and recated positive in SPTs with the purified natural protein.  Allergenicity reference:  22114713  Route of allergen exposure:  Food  Date Created:  08-07-2008  Last Updated:  2019-06-28 06:14:00  Submitter Info:  Name:  Institution:  City:  Email:  Submission Date:  Comments  Table of IsoAllergens Click +/- for additional information  Isoallergen and variants GenBank Nucleotide GenBank Protein UniProt PDB  Act c 10.0101  P85204  P85204","c 10    Source: Plantae Magnoliopsida  Order: Ericales  Species: Actinidia chinensis(Gold kiwi fruit)  Biochemical name:  nsLTP1  MW(SDS-PAGE):  10 kDa  Allergenicity:  10/30 kiwi allergic patients had IgE to Act c 10.0101 in their sera and recated positive in SPTs with the purified natural protein.  Allergenicity reference:  22114713  Route of allergen exposure:  Food  Date Created:  08-07-2008  Last Updated:  2019-06-28 06:14:00  Submitter Info:  Name:  Institution:  City:  Email:  Submission Date:  Comments  Table of IsoAllergens Click +/- for additional information  Isoallergen and variants GenBank Nucleotide GenBank Protein UniProt PDB  Act c 10.0101  P85204  P85204","Act c 10    Source: Plantae Magnoliopsida  Order: Ericales  Species: Actinidia chinensis(Gold kiwi fruit)  Biochemical name:  nsLTP1  MW(SDS-PAGE):  10 kDa  Allergenicity:  10/30 kiwi allergic patients had IgE to Act c 10.0101 in their sera and recated positive in SPTs with the purified natural protein.  Allergenicity reference:  22114713  Route of allergen exposure:  Food","None","No","","Food","None"
"Act c 5","Plantae Magnoliopsida","Ericales","Actinidia chinensis(Gold kiwi fruit)","Kiwellin","28 kDa","Sera from six individual kiwi-allergic subjects (with positive SPT and IgE CAP) showed IgE binding to purified kiwellin from both green kiwi fruit and gold kiwi fruit on immunoblot.  Allergenicity reference:  18442249  Route of allergen exposure:  Food  Date Created:  28-05-2008  Last Updated:  2019-06-28 08:09:27  Submitter Info:  Name:  Institution:  City:  Email:  Submission Date:  Comments  Posted: 10 Sep 2014  The amino acid sequence by Tuppo et al. as P85261 is partial and discontinuous (34aa). In the second part of the discontinuous sequence in the Tuppo paper there two probable amino acid mismatches with the sequence reported for kiwellins by Maddumage et al. JAFC 2013. which has been added as a separate isoform Act c 5.0102.  Table of IsoAllergens Click +/- for additional information  Isoallergen and variants GenBank Nucleotide GenBank Protein UniProt PDB  Act c 5.0101  P85261.1  P85261  Act c 5.0102  JX905294.1  AGC39168.1  L7TT83","c 5    Source: Plantae Magnoliopsida  Order: Ericales  Species: Actinidia chinensis(Gold kiwi fruit)  Biochemical name:  Kiwellin  MW(SDS-PAGE):  28 kDa  Allergenicity:  Sera from six individual kiwi-allergic subjects (with positive SPT and IgE CAP) showed IgE binding to purified kiwellin from both green kiwi fruit and gold kiwi fruit on immunoblot.  Allergenicity reference:  18442249  Route of allergen exposure:  Food  Date Created:  28-05-2008  Last Updated:  2019-06-28 08:09:27  Submitter Info:  Name:  Institution:  City:  Email:  Submission Date:  Comments  Posted: 10 Sep 2014  The amino acid sequence by Tuppo et al. as P85261 is partial and discontinuous (34aa). In the second part of the discontinuous sequence in the Tuppo paper there two probable amino acid mismatches with the sequence reported for kiwellins by Maddumage et al. JAFC 2013. which has been added as a separate isoform Act c 5.0102.  Table of IsoAllergens Click +/- for additional information  Isoallergen and variants GenBank Nucleotide GenBank Protein UniProt PDB  Act c 5.0101  P85261.1  P85261  Act c 5.0102  JX905294.1  AGC39168.1  L7TT83","Act c 5    Source: Plantae Magnoliopsida  Order: Ericales  Species: Actinidia chinensis(Gold kiwi fruit)  Biochemical name:  Kiwellin  MW(SDS-PAGE):  28 kDa  Allergenicity:  Sera from six individual kiwi-allergic subjects (with positive SPT and IgE CAP) showed IgE binding to purified kiwellin from both green kiwi fruit and gold kiwi fruit on immunoblot.  Allergenicity reference:  18442249  Route of allergen exposure:  Food","4pmk","No","","Food","None"
"Act c 8","Plantae Magnoliopsida","Ericales","Actinidia chinensis(Gold kiwi fruit)","Pathogenesis-related protein PR-10 Bet v 1 family member","17 kDa","IgE prevalence: ELISA: n=41 prevalence: 54%; immunoblot: n=6 prevalence: 83%  Allergenicity reference:  18925615  Route of allergen exposure:  Food  Date Created:  01-11-2008  Last Updated:  2019-06-28 06:15:05  Submitter Info:  Name:  Institution:  City:  Email:  Submission Date:  Comments  Table of IsoAllergens Click +/- for additional information  Isoallergen and variants GenBank Nucleotide GenBank Protein UniProt PDB  Act c 8.0101  AM489567.1  CAM31908.1  D1YSM4","c 8    Source: Plantae Magnoliopsida  Order: Ericales  Species: Actinidia chinensis(Gold kiwi fruit)  Biochemical name:  Pathogenesis-related protein PR-10 Bet v 1 family member  MW(SDS-PAGE):  17 kDa  Allergenicity:  IgE prevalence: ELISA: n=41 prevalence: 54%; immunoblot: n=6 prevalence: 83%  Allergenicity reference:  18925615  Route of allergen exposure:  Food  Date Created:  01-11-2008  Last Updated:  2019-06-28 06:15:05  Submitter Info:  Name:  Institution:  City:  Email:  Submission Date:  Comments  Table of IsoAllergens Click +/- for additional information  Isoallergen and variants GenBank Nucleotide GenBank Protein UniProt PDB  Act c 8.0101  AM489567.1  CAM31908.1  D1YSM4","Act c 8    Source: Plantae Magnoliopsida  Order: Ericales  Species: Actinidia chinensis(Gold kiwi fruit)  Biochemical name:  Pathogenesis-related protein PR-10 Bet v 1 family member  MW(SDS-PAGE):  17 kDa  Allergenicity:  IgE prevalence: ELISA: n=41 prevalence: 54%; immunoblot: n=6 prevalence: 83%  Allergenicity reference:  18925615  Route of allergen exposure:  Food","None","No","","Food","None"
"Act d 1","Plantae Magnoliopsida","Ericales","Actinidia deliciosa(Green kiwi fruit)  Obsolete name:  Act c 1","Cysteine protease (actinidin)","30 kDa","All 30 sera of kiwi-allergic patients tested showed IgE binding to a 30 kD protein on immunoblot of kiwi extract (medline 96426244). This protein was later identified as Act c 1 (medline 98224477)  Allergenicity reference:  9564807  Route of allergen exposure:  Food  Date Created:  09-02-2007  Last Updated:  2019-06-28 06:16:59  Submitter Info:  Name:  Institution:  City:  Email:  Submission Date:  Comments  Table of IsoAllergens Click +/- for additional information  Isoallergen and variants GenBank Nucleotide GenBank Protein UniProt PDB  Act d 1.0101  X16466  CAA34486  P00785  2ACT  1AEC","d 1    Source: Plantae Magnoliopsida  Order: Ericales  Species: Actinidia deliciosa(Green kiwi fruit)  Obsolete name:  Act c 1  Biochemical name:  Cysteine protease (actinidin)  MW(SDS-PAGE):  30 kDa  Allergenicity:  All 30 sera of kiwi-allergic patients tested showed IgE binding to a 30 kD protein on immunoblot of kiwi extract (medline 96426244). This protein was later identified as Act c 1 (medline 98224477)  Allergenicity reference:  9564807  Route of allergen exposure:  Food  Date Created:  09-02-2007  Last Updated:  2019-06-28 06:16:59  Submitter Info:  Name:  Institution:  City:  Email:  Submission Date:  Comments  Table of IsoAllergens Click +/- for additional information  Isoallergen and variants GenBank Nucleotide GenBank Protein UniProt PDB  Act d 1.0101  X16466  CAA34486  P00785  2ACT  1AEC","Act d 1    Source: Plantae Magnoliopsida  Order: Ericales  Species: Actinidia deliciosa(Green kiwi fruit)  Obsolete name:  Act c 1  Biochemical name:  Cysteine protease (actinidin)  MW(SDS-PAGE):  30 kDa  Allergenicity:  All 30 sera of kiwi-allergic patients tested showed IgE binding to a 30 kD protein on immunoblot of kiwi extract (medline 96426244). This protein was later identified as Act c 1 (medline 98224477)  Allergenicity reference:  9564807  Route of allergen exposure:  Food","2act","No","","Food","None"
"Act d 10","Plantae Magnoliopsida","Ericales","Actinidia deliciosa(Green kiwi fruit)","nsLTP1","10 kDa  Route of allergen exposure:  Food  Date Created:  08-07-2008  Last Updated:  2019-06-28 06:35:28  Submitter Info:  Name:  Institution:  City:  Email:  Submission Date:  Comments  Table of IsoAllergens Click +/- for additional information  Isoallergen and variants GenBank Nucleotide GenBank Protein UniProt PDB  Act d 10.0101  P86137  P86137  Act d 10.0201  P85206  P85206","Act d 10    Source: Plantae Magnoliopsida  Order: Ericales  Species: Actinidia deliciosa(Green kiwi fruit)  Biochemical name:  nsLTP1  MW(SDS-PAGE):  10 kDa  Route of allergen exposure:  Food  Date Created:  08-07-2008  Last Updated:  2019-06-28 06:35:28  Submitter Info:  Name:  Institution:  City:  Email:  Submission Date:  Comments  Table of IsoAllergens Click +/- for additional information  Isoallergen and variants GenBank Nucleotide GenBank Protein UniProt PDB  Act d 10.0101  P86137  P86137  Act d 10.0201  P85206  P85206","d 10    Source: Plantae Magnoliopsida  Order: Ericales  Species: Actinidia deliciosa(Green kiwi fruit)  Biochemical name:  nsLTP1  MW(SDS-PAGE):  10 kDa  Route of allergen exposure:  Food  Date Created:  08-07-2008  Last Updated:  2019-06-28 06:35:28  Submitter Info:  Name:  Institution:  City:  Email:  Submission Date:  Comments  Table of IsoAllergens Click +/- for additional information  Isoallergen and variants GenBank Nucleotide GenBank Protein UniProt PDB  Act d 10.0101  P86137  P86137  Act d 10.0201  P85206  P85206","Act d 10    Source: Plantae Magnoliopsida  Order: Ericales  Species: Actinidia deliciosa(Green kiwi fruit)  Biochemical name:  nsLTP1  MW(SDS-PAGE):  10 kDa  Route of allergen exposure:  Food","None","No","","Food","None"
"Act d 11","Plantae Magnoliopsida","Ericales","Actinidia deliciosa(Green kiwi fruit)","Major latex protein/ripening-related protein (MLP/RRP) Bet v 1 family member","17 kDa","22/91 (24.2%) kiwi allergic patients had IgE to the natural purified Act d 11 when sera were tested by the ISAC microarray system. 18/91 (22%) of kiwi allergic patients reacted positively in SPT when tested with natural purified Act d 11.  Route of allergen exposure:  Food  Date Created:  23-02-2009  Last Updated:  2019-06-28 06:42:00  Submitter Info:  Name:  Institution:  City:  Email:  Submission Date:  Comments  Table of IsoAllergens Click +/- for additional information  Isoallergen and variants GenBank Nucleotide GenBank Protein UniProt PDB  Act d 11.0101  P85524  P85524","d 11    Source: Plantae Magnoliopsida  Order: Ericales  Species: Actinidia deliciosa(Green kiwi fruit)  Biochemical name:  Major latex protein/ripening-related protein (MLP/RRP) Bet v 1 family member  MW(SDS-PAGE):  17 kDa  Allergenicity:  22/91 (24.2%) kiwi allergic patients had IgE to the natural purified Act d 11 when sera were tested by the ISAC microarray system. 18/91 (22%) of kiwi allergic patients reacted positively in SPT when tested with natural purified Act d 11.  Route of allergen exposure:  Food  Date Created:  23-02-2009  Last Updated:  2019-06-28 06:42:00  Submitter Info:  Name:  Institution:  City:  Email:  Submission Date:  Comments  Table of IsoAllergens Click +/- for additional information  Isoallergen and variants GenBank Nucleotide GenBank Protein UniProt PDB  Act d 11.0101  P85524  P85524","Act d 11    Source: Plantae Magnoliopsida  Order: Ericales  Species: Actinidia deliciosa(Green kiwi fruit)  Biochemical name:  Major latex protein/ripening-related protein (MLP/RRP) Bet v 1 family member  MW(SDS-PAGE):  17 kDa  Allergenicity:  22/91 (24.2%) kiwi allergic patients had IgE to the natural purified Act d 11 when sera were tested by the ISAC microarray system. 18/91 (22%) of kiwi allergic patients reacted positively in SPT when tested with natural purified Act d 11.  Route of allergen exposure:  Food","4igv","No","","Food","None"
"Act d 2","Plantae Magnoliopsida","Ericales","Actinidia deliciosa(Green kiwi fruit)  Obsolete name:  Act c 2","Thaumatin-like protein","24 kDa","All 7 sera of kiwi-allergic patients tested showed IgE binding to a 24 kDa protein on immunoblot of kiwi extract.  Allergenicity reference:  12417892  Route of allergen exposure:  Food  Date Created:  02-09-2007  Last Updated:  2019-06-28 06:30:32  Submitter Info:  Name:  Institution:  City:  Email:  Submission Date:  Comments  Table of IsoAllergens Click +/- for additional information  Isoallergen and variants GenBank Nucleotide GenBank Protein UniProt PDB  Act d 2.0101  AJ871175  CAI38795  P81370","d 2    Source: Plantae Magnoliopsida  Order: Ericales  Species: Actinidia deliciosa(Green kiwi fruit)  Obsolete name:  Act c 2  Biochemical name:  Thaumatin-like protein  MW(SDS-PAGE):  24 kDa  Allergenicity:  All 7 sera of kiwi-allergic patients tested showed IgE binding to a 24 kDa protein on immunoblot of kiwi extract.  Allergenicity reference:  12417892  Route of allergen exposure:  Food  Date Created:  02-09-2007  Last Updated:  2019-06-28 06:30:32  Submitter Info:  Name:  Institution:  City:  Email:  Submission Date:  Comments  Table of IsoAllergens Click +/- for additional information  Isoallergen and variants GenBank Nucleotide GenBank Protein UniProt PDB  Act d 2.0101  AJ871175  CAI38795  P81370","Act d 2    Source: Plantae Magnoliopsida  Order: Ericales  Species: Actinidia deliciosa(Green kiwi fruit)  Obsolete name:  Act c 2  Biochemical name:  Thaumatin-like protein  MW(SDS-PAGE):  24 kDa  Allergenicity:  All 7 sera of kiwi-allergic patients tested showed IgE binding to a 24 kDa protein on immunoblot of kiwi extract.  Allergenicity reference:  12417892  Route of allergen exposure:  Food","4bct","No","","Food","None"
"Act d 3","Plantae Magnoliopsida","Ericales","Actinidia deliciosa(Green kiwi fruit)","","40 kDa  Route of allergen exposure:  Food  Date Created:  08-02-2007  Last Updated:  2019-06-28 07:12:34  Submitter Info:  Name:  Institution:  City:  Email:  Submission Date:  Comments  Table of IsoAllergens Click +/- for additional information  Isoallergen and variants GenBank Nucleotide GenBank Protein UniProt PDB  Act d 3.0101  P85063  P85063","Act d 3    Source: Plantae Magnoliopsida  Order: Ericales  Species: Actinidia deliciosa(Green kiwi fruit)  Biochemical name:MW(SDS-PAGE):  40 kDa  Route of allergen exposure:  Food  Date Created:  08-02-2007  Last Updated:  2019-06-28 07:12:34  Submitter Info:  Name:  Institution:  City:  Email:  Submission Date:  Comments  Table of IsoAllergens Click +/- for additional information  Isoallergen and variants GenBank Nucleotide GenBank Protein UniProt PDB  Act d 3.0101  P85063  P85063","d 3    Source: Plantae Magnoliopsida  Order: Ericales  Species: Actinidia deliciosa(Green kiwi fruit)  Biochemical name:MW(SDS-PAGE):  40 kDa  Route of allergen exposure:  Food  Date Created:  08-02-2007  Last Updated:  2019-06-28 07:12:34  Submitter Info:  Name:  Institution:  City:  Email:  Submission Date:  Comments  Table of IsoAllergens Click +/- for additional information  Isoallergen and variants GenBank Nucleotide GenBank Protein UniProt PDB  Act d 3.0101  P85063  P85063","Act d 3    Source: Plantae Magnoliopsida  Order: Ericales  Species: Actinidia deliciosa(Green kiwi fruit)  Biochemical name:MW(SDS-PAGE):  40 kDa  Route of allergen exposure:  Food","None","No","","Food","None"
